timestamp,pid,ppid,process_name
1772128738.5598028,29665,20446,code
1772128738.563267,29665,20446,sh
1772128738.5664084,29666,20446,code
1772128738.5688858,29666,20446,sh
1772128738.5923731,29667,20446,code
1772128738.594861,29667,20446,sh
1772128738.596868,29668,29667,cpuUsage.sh
1772128738.5996351,29669,29667,cpuUsage.sh
1772128738.6015744,29670,29667,cpuUsage.sh
1772128738.6032076,29671,29667,cpuUsage.sh
1772128738.6052558,29672,29667,cpuUsage.sh
1772128738.6071706,29673,29667,cpuUsage.sh
1772128738.8402462,29674,22719,code
1772128738.840375,29674,22719,code
1772128738.8404016,29674,22719,code
1772128738.8404284,29674,22719,code
1772128739.6107643,29675,29667,cpuUsage.sh
1772128739.6149049,29676,29667,cpuUsage.sh
1772128739.6178334,29678,29667,cpuUsage.sh
1772128739.6205447,29680,29667,cpuUsage.sh
1772128739.6234086,29682,29667,cpuUsage.sh
1772128740.697217,29686,22719,code
1772128740.6973858,29686,22719,code
1772128740.6974268,29686,22719,code
1772128740.697462,29686,22719,code
1772128740.7086532,29687,22719,code
1772128740.7088187,29687,22719,code
1772128740.7088609,29687,22719,code
1772128740.7088988,29687,22719,code
1772128740.7241845,29688,22719,code
1772128740.7243536,29688,22719,code
1772128740.7243955,29688,22719,code
1772128740.7244334,29688,22719,code
1772128740.7332928,29689,22719,code
1772128740.7333438,29689,22719,code
1772128740.7333574,29689,22719,code
1772128740.7333694,29689,22719,code
1772128741.0495877,29691,22719,code
1772128741.0496767,29691,22719,code
1772128741.0497062,29691,22719,code
1772128741.0497305,29691,22719,code
1772128743.559526,29694,20446,code
1772128743.563307,29694,20446,sh
1772128743.5664937,29695,20446,code
1772128743.5688293,29695,20446,sh
1772128743.5920045,29696,20446,code
1772128743.5953503,29696,20446,sh
1772128743.59792,29697,29696,cpuUsage.sh
1772128743.6008215,29698,29696,cpuUsage.sh
1772128743.6027944,29699,29696,cpuUsage.sh
1772128743.6047716,29700,29696,cpuUsage.sh
1772128743.6066527,29701,29696,cpuUsage.sh
1772128743.6086507,29702,29696,cpuUsage.sh
1772128744.6119816,29707,29696,cpuUsage.sh
1772128744.615682,29708,29696,cpuUsage.sh
1772128744.6189444,29710,29696,cpuUsage.sh
1772128744.6219282,29712,29696,cpuUsage.sh
1772128744.6250129,29714,29696,cpuUsage.sh
1772128745.7482314,29716,22719,code
1772128745.7483811,29716,22719,code
1772128745.7484214,29716,22719,code
1772128745.7484524,29716,22719,code
1772128745.7591665,29717,22719,code
1772128745.75937,29717,22719,code
1772128745.7594366,29717,22719,code
1772128745.759493,29717,22719,code
1772128745.7748532,29718,22719,code
1772128745.7749693,29718,22719,code
1772128745.7750025,29718,22719,code
1772128745.7750316,29718,22719,code
1772128745.7808962,29719,22719,code
1772128745.7809937,29719,22719,code
1772128745.7810233,29719,22719,code
1772128745.7810469,29719,22719,code
1772128746.0956066,29720,22719,code
1772128746.0957367,29720,22719,code
1772128746.095767,29720,22719,code
1772128746.0957923,29720,22719,code
1772128748.559336,29721,20446,code
1772128748.5629852,29721,20446,sh
1772128748.5663667,29722,20446,code
1772128748.568485,29722,20446,sh
1772128748.5950131,29723,20446,code
1772128748.5978153,29723,20446,sh
1772128748.6009114,29724,29723,cpuUsage.sh
1772128748.6043181,29725,29723,cpuUsage.sh
1772128748.6064792,29726,29723,cpuUsage.sh
1772128748.6088622,29727,29723,cpuUsage.sh
1772128748.6109207,29728,29723,cpuUsage.sh
1772128748.6127558,29729,29723,cpuUsage.sh
1772128749.6163616,29730,29723,cpuUsage.sh
1772128749.6223614,29731,29723,cpuUsage.sh
1772128749.6275678,29733,29723,cpuUsage.sh
1772128749.6323252,29735,29723,cpuUsage.sh
1772128749.6360893,29737,29723,cpuUsage.sh
1772128750.7938025,29740,22719,code
1772128750.793906,29740,22719,code
1772128750.7939286,29740,22719,code
1772128750.7939472,29740,22719,code
1772128750.7998977,29741,22719,code
1772128750.7999704,29741,22719,code
1772128750.7999895,29741,22719,code
1772128750.8000052,29741,22719,code
1772128750.807847,29742,22719,code
1772128750.807927,29742,22719,code
1772128750.8079636,29742,22719,code
1772128750.8079922,29742,22719,code
1772128750.8135612,29743,22719,code
1772128750.8136775,29743,22719,code
1772128750.8138163,29743,22719,code
1772128750.8138547,29743,22719,code
1772128751.1294055,29744,22719,code
1772128751.1295083,29744,22719,code
1772128751.129529,29744,22719,code
1772128751.1295455,29744,22719,code
1772128753.5607176,29746,20446,code
1772128753.5643659,29746,20446,sh
1772128753.5674481,29747,20446,code
1772128753.5696828,29747,20446,sh
1772128753.595973,29748,20446,code
1772128753.599224,29748,20446,sh
1772128753.6016927,29749,29748,cpuUsage.sh
1772128753.60472,29750,29748,cpuUsage.sh
1772128753.6065383,29751,29748,cpuUsage.sh
1772128753.6085684,29752,29748,cpuUsage.sh
1772128753.6102912,29753,29748,cpuUsage.sh
1772128753.61207,29754,29748,cpuUsage.sh
1772128754.6154518,29755,29748,cpuUsage.sh
1772128754.62065,29756,29748,cpuUsage.sh
1772128754.6262057,29758,29748,cpuUsage.sh
1772128754.6314967,29760,29748,cpuUsage.sh
1772128754.6357543,29762,29748,cpuUsage.sh
1772128755.827233,29764,22719,code
1772128755.8273811,29764,22719,code
1772128755.8274205,29764,22719,code
1772128755.8274407,29764,22719,code
1772128755.833824,29765,22719,code
1772128755.8339026,29765,22719,code
1772128755.8339262,29765,22719,code
1772128755.8339446,29765,22719,code
1772128755.841644,29766,22719,code
1772128755.8416917,29766,22719,code
1772128755.8417118,29766,22719,code
1772128755.8417315,29766,22719,code
1772128755.8469589,29767,22719,code
1772128755.8469982,29767,22719,code
1772128755.8470156,29767,22719,code
1772128755.8470385,29767,22719,code
1772128756.163746,29768,22719,code
1772128756.163842,29768,22719,code
1772128756.1638613,29768,22719,code
1772128756.163877,29768,22719,code
1772128758.5620008,29769,20446,code
1772128758.5656676,29769,20446,sh
1772128758.5693276,29770,20446,code
1772128758.5715344,29770,20446,sh
1772128758.5958674,29771,20446,code
1772128758.5981877,29771,20446,sh
1772128758.600254,29772,29771,cpuUsage.sh
1772128758.6035354,29773,29771,cpuUsage.sh
1772128758.6055458,29774,29771,cpuUsage.sh
1772128758.607834,29775,29771,cpuUsage.sh
1772128758.6097593,29776,29771,cpuUsage.sh
1772128758.6119313,29777,29771,cpuUsage.sh
